Date;API2;MTFc1 (TRDPRC_1);CMAP4C1 (TRDPRC_1)
13/03/2024;98.8855;100,0274;89,979
12/03/2024;96.5763;100,0092;90,6261
08/03/2024;100.576;101,6275;91,2042
07/03/2024;100.0365;101,1785;91,3576
06/03/2024;103.2394;102,9182;93,1449
05/03/2024;102.7176;103,6389;93,4132
04/03/2024;98.1205;102,2664;93,2836
01/03/2024;97.0102;98,7358;93,6606
29/02/2024;93.0297;96,1307;92,5669
28/02/2024;96.4378;95,6534;92,285
27/02/2024;93.1391;93,0468;90,972
26/02/2024;90.3476;90,9929;84,9544
23/02/2024;86.8922;88,5284;85,1821
22/02/2024;86.6211;88,3766;85,1428
21/02/2024;86.9002;87,9634;85,19
15/02/2024;85.5538;87,7356;84,9503
05/02/2024;90.0754;91,4254;87,5151
01/02/2024;88.0703;89,6339;87,2884
24/01/2024;85.6841;97,3077;87,2921
18/01/2024;93.25;98,3079;87,8242
17/01/2024;92.3628;98,3365;88,365
16/01/2024;96.2847;99,3195;87,8242
10/01/2024;96.6001;99,3528;88,8707
09/01/2024;98.5729;101,6833;91,7116
05/01/2024;101.4532;105,3377;90,6224
03/01/2024;93.398;100,0366;91,0173
22/12/2023;95.3678;105,2225;91,5077
18/12/2023;97.5096;106,9859;92,0161
14/12/2023;100.0819;107,3606;92,3483
07/12/2023;109.1086;113,0467;99,8425
06/12/2023;108.2513;111,8751;97,7978
01/12/2023;107.003;110,1002;105,2293
30/11/2023;102.8844;108,8095;105,181
23/11/2023;108.6757;112,7492;104,5488
20/11/2023;102.1668;111,3092;103,5381
08/11/2023;106.7059;116,4659;106,9394
06/11/2023;110.3593;112,6925;111,2926
03/11/2023;112.7785;116,0406;111,9862
02/11/2023;111.3465;116,7608;112,2881
31/10/2023;115.3555;116,4429;117,8612
30/10/2023;122.9624;120,7953;122,2557
24/10/2023;126.5584;127,7389;124,4333
23/10/2023;127.4841;128,4214;124,2032
17/10/2023;131.9149;131,2057;127,1868
16/10/2023;132.6009;131,5116;127,1548
12/10/2023;126.7338;127,5413;124,6912
11/10/2023;122.4451;122,4451;122,5864
10/10/2023;118.5985;122,8426;120,6262
02/10/2023;120.7522;118,3658;116,218
08/09/2023;107.7203;108,5615;106,7857
07/09/2023;105.6173;108,655;104,9163
01/09/2023;109.069;108,28;104,9661
30/08/2023;111.6807;111,9096;99,3806
25/08/2023;111.6944;109,2608;103,1481
23/08/2023;114.191;108,8038;103,2784
22/08/2023;119.882;109,5076;103,4212
21/08/2023;112.9373;109,1268;102,1486
16/08/2023;110.355;105,7569;100,6989
15/08/2023;110.9685;106,2454;100,4219
14/08/2023;108.6757;105,5117;100,8804
11/08/2023;110.106;105,8571;99,598
10/08/2023;109.5273;105,0642;99,9636
09/08/2023;110.0428;105,6229;97,5121
08/08/2023;102.7022;104,9845;97,6812
03/08/2023;100.9686;98,8213;92,7449
02/08/2023;94.6416;96,1503;93,2699
01/08/2023;98.798;94,5638;92,424
31/07/2023;96.8798;96,425;90,5121
27/07/2023;104.347;101,0663;92,0441
18/07/2023;87.52;96,517;84,8477
13/07/2023;84.5331;92,4359;88,2038
12/07/2023;84.4716;93,9073;90,0881
06/07/2023;107.6973;107,6973;101,2033
05/07/2023;112.8928;113,6762;101,539
04/07/2023;108.9455;111,2639;101,2963
03/07/2023;109.0642;111,2639;103,2719
28/06/2023;111.8138;105,0774;92,1089
27/06/2023;107.4459;104,6172;91,7054
26/06/2023;105.9244;105,1449;92,168
22/06/2023;106.2249;105,5586;93,3279
15/06/2023;107.8118;106,3042;95,0206
14/06/2023;107.1;107,7001;97,1748
13/06/2023;105.6436;107,7287;97,9983
12/06/2023;101.3294;106,6747;99,2377
09/06/2023;105.6109;108,0767;98,1669
08/06/2023;99.7125;104,3502;96,466
07/06/2023;98.6258;102,5989;93,7179
06/06/2023;94.6123;98,6811;98,2135
25/05/2023;92.8591;110,5514;102,6215
17/05/2023;97.795;108,7277;101,4854
16/05/2023;93.4536;107,863;103,7197
15/05/2023;97.4982;108,9956;103,6148
11/05/2023;101.2461;109,355;107,2018
04/05/2023;109.8901;115,0213;113,5228
28/04/2023;124.7731;127,3503;115,6987
27/04/2023;120.613;126,8704;115,6253
31/03/2023;130.0858;127,5948;122,2437
30/03/2023;128.4286;126,2728;121,5485
29/03/2023;129.1156;127,1327;121,9681
15/03/2023;121.9858;128,6052;129,078
10/03/2023;118.8575;126,8439;122,146
09/03/2023;113.6578;120,6522;120,5104
07/03/2023;112.8283;118,1853;117,0949
28/02/2023;138.2848;138,0484;136,5356
27/02/2023;145.1871;140,1433;132,4597
24/02/2023;148.8716;131,1398;134,4112
21/02/2023;125.8689;128,3581;132,4441
20/02/2023;127.7851;126,8468;131,9978
14/02/2023;122.0307;124,8253;133,6749
10/02/2023;118.9696;122,7166;134,8946
09/02/2023;111.3077;119,225;136,4568
08/02/2023;117.546;120,3194;140,536
07/02/2023;134.2908;126,5038;145,0154
26/01/2023;126.0446;152,5852;148,774
24/01/2023;149.7474;155,8567;155,7189
19/01/2023;158.8621;162,0024;155,1676
11/01/2023;153.417;153,5565;158,7634
10/01/2023;161.1701;159,3069;159,3069
05/01/2023;173.0038;168,4886;176,8061
04/01/2023;169.8273;168,4121;193,444
03/01/2023;180.1631;175,0901;193,444
21/12/2022;178.723;215,9766;207,4884
13/12/2022;221.0724;233,302;220,6021
12/12/2022;227.8121;238,728;226,3882
21/11/2022;225.0757;212,3816;191,8758
15/11/2022;195.69;196,1732;182,644
14/11/2022;186.4407;188,862;180,1453
10/11/2022;172.4138;190,6838;180,2508
09/11/2022;180.8011;187,7934;185,5459
07/11/2022;202.615;202,615;209,1027
02/11/2022;232.7595;235,5608;223,5917
28/10/2022;243.9024;268,8447;238,8839
26/10/2022;243.1279;266,9445;241,6394
25/10/2022;245.3834;270,2228;242,8743
20/10/2022;263.7228;275,989;247,3679
19/10/2022;263.535;273,2576;247,9275
11/10/2022;264.8665;274,2966;248,8921
07/10/2022;254.594;268,9662;255,1073
06/10/2022;301.3895;271,2505;290,662
29/09/2022;311.7995;334,4712;302,6289
21/09/2022;304.971;332,9267;296,3302
16/09/2022;311.5327;332,002;307,8882
15/09/2022;322.0322;337,0337;307,3807
14/09/2022;320.7377;336,7746;306,7054
13/09/2022;320.9629;337,011;301,1535
09/09/2022;323.7374;336,6869;329,7141
08/09/2022;335.4513;348,2089;343,2059
05/09/2022;393.915;375,7411;353,113
01/09/2022;356.245;371,078;348,0491
30/08/2022;349.5805;361,666;332,1661
19/08/2022;396.6514;372,0849;326,3903
18/08/2022;371.7288;361,1717;321,1737
17/08/2022;373.2809;354,6169;317,78
16/08/2022;376.5978;349,41;316,6175
15/08/2022;344.4882;347,7854;313,9764
12/08/2022;319.7504;339,2474;306,59
11/08/2022;334.3995;333,7695;302,8981
10/08/2022;325.3375;333,4466;291,347
09/08/2022;293.8008;320,8794;287,9248
08/08/2022;287.3958;307,5037;284,4532
05/08/2022;282.8799;308,0739;289,2643
03/08/2022;334.514;347,1566;315,3286
27/07/2022;369.5354;381,6409;330,8175
26/07/2022;375.7168;383,9727;337,6508
21/07/2022;322.6437;366,6406;327,0434
20/07/2022;330.1562;369,4605;330,1562
19/07/2022;322.77;362,8717;326,6823
18/07/2022;332.8074;369,4409;339,7101
14/07/2022;364.4169;391,3738;351,4377
13/07/2022;377.7336;392,1471;350,0497
12/07/2022;390.5939;393,0849;351,8832
08/07/2022;367.2788;381,5182;345,3305
07/07/2022;368.8847;378,9743;343,5377
04/07/2022;351.6937;351,9371;326,2643
30/06/2022;352.9861;353,32;322,9346
29/06/2022;346.7765;349,1714;326,3244
28/06/2022;353.6794;347,4995;328,0091
27/06/2022;357.1766;349,1449;312,7658
21/06/2022;351.5439;328,266;313,5392
16/06/2022;281.5967;314,1652;300,0853
15/06/2022;284.401;314,086;298,7647
14/06/2022;278.4713;311,1196;299,1166
08/06/2022;270.6739;302,8747;301,4747
30/05/2022;279.2985;305,9103;303,192
26/05/2022;275.0839;308,1872;306,3223
25/05/2022;271.5356;308,9888;307,5843
24/05/2022;270.1696;308,3659;309,2976
18/05/2022;317.2177;314,3512;312,918
17/05/2022;303.4038;312,4111;311,937
16/05/2022;297.1911;311,7151;313,0093
13/05/2022;288.3969;305,7823;314,5711
12/05/2022;298.68;313,4695;308,3149
11/05/2022;288.2694;303,0159;296,594
10/05/2022;274.0572;297,3307;292,581
09/05/2022;288.0152;294,505;294,1734
06/05/2022;289.0721;302,341;293,3371
05/05/2022;298.8615;303,6053;284,1556
04/05/2022;289.05;293,4281;259,0622
03/05/2022;261.8821;269,0114;280,8454
27/04/2022;269.0668;307,2951;282,2359
26/04/2022;274.5393;305,2369;282,0609
22/04/2022;289.9759;302,7145;288,5863
21/04/2022;302.6947;301,4027;284,9299
20/04/2022;298.9401;301,9816;280,6452
12/04/2022;295.8156;295,2614;262,7933
08/04/2022;264.8032;269,0787;249,1725
07/04/2022;258.7792;259,6065;249,1267
05/04/2022;267.8162;269,9716;227,9189
01/04/2022;236.135;239,7539;230,4804
31/03/2022;249.4352;247,0402;232,2639
30/03/2022;250.986;243,3668;228,711
23/03/2022;265.3581;296,2559;304,4348
22/03/2022;235.7849;292,9174;302,8929
17/03/2022;216.4307;279,5563;284,0653
16/03/2022;240.2103;281,0007;317,2589
15/03/2022;273.9476;311,3871;340,1516
10/03/2022;332.3318;330,8295;386,9617
09/03/2022;417.1558;372,4605;408,5779
03/03/2022;329.8988;318,6009;370,5712
02/03/2022;373.1679;392,0511;280,1007
28/02/2022;223.2819;226,981;180,943
25/02/2022;192.5979;172,628;178,8409
24/02/2022;214.458;171,5664;179,3852
23/02/2022;178.6188;168,671;175,5239
22/02/2022;165.1214;166,8874;172,6269
17/02/2022;141.7254;161,9718;170,7746
16/02/2022;143.7879;161,4789;173,2173
15/02/2022;152.1222;164,4505;173,0363
14/02/2022;157.0102;169,3941;173,1535
11/02/2022;153.3175;166,9751;171,8213
10/02/2022;151.8334;164,5226;169,7733
09/02/2022;157.5906;164,1569;166,2406
08/02/2022;153.5395;162,9578;165,5861
03/02/2022;136.8246;155,3156;152,9988
02/02/2022;139.7859;156,9495;152,172
24/01/2022;145.7211;144,2639;152,3448
21/01/2022;142.6367;142,8571;148,5891
20/01/2022;137.931;141,4677;151,1936
19/01/2022;137.7744;142,6241;149,8986
18/01/2022;141.2804;143,0464;147,4614
17/01/2022;138.0731;135,2287;146,4013
12/01/2022;114.0535;121,4823;136,7768
30/12/2021;105.0958;122,3174;122,3174
17/12/2021;133.4638;129,9048;124,3438
15/12/2021;129.5968;125,3877;122,7293
14/12/2021;129.1641;125,2554;121,6132
10/12/2021;118.4687;119,9717;119,3528
09/12/2021;119.5537;119,4651;118,6681
08/12/2021;118.1449;118,5858;113,2957
07/12/2021;114.0904;114,5787;114,0904
06/12/2021;108.1081;108,1081;114,5326
03/12/2021;110.4924;106,9566;117,5639
02/12/2021;106.2041;109,9655;116,8245
01/12/2021;98.9487;110,5663;105,133
25/11/2021;135.6416;133,4286;125,5131
22/11/2021;123.5817;130,2742;121,2836
17/11/2021;119.0476;125,8945;114,6303
16/11/2021;113.9677;125,1877;114,6303
12/11/2021;116.1572;121,8341;121,6157
11/11/2021;115.2838;123,5808;121,6157
10/11/2021;114.1314;124,1505;127,1999
04/11/2021;103.2722;128,1163;119,6762
03/11/2021;116.2791;128,7683;104,0052
02/11/2021;110.9959;120,7999;111,2119
29/10/2021;134.9364;200,1124;190,7707
28/10/2021;145.5604;200,8306;188,3723
26/10/2021;174.213;201,8111;189,737
22/10/2021;146.8189;197,2611;192,7535
21/10/2021;137.2515;196,6268;193,1848
19/10/2021;187.3281;203,7483;191,7125
18/10/2021;181.7555;205,5733;196,3993
14/10/2021;204.8473;210,2381;199,6722
13/10/2021;208.7647;211,3095;198,6284
12/10/2021;209.9419;210,9395;200,3123
11/10/2021;198.2512;207,9041;191,8881
08/10/2021;178.0929;198,8415;187,3001
07/10/2021;181.3853;205,2814;190,1732
06/10/2021;242.2984;205,2181;205,9536
05/10/2021;240.9431;236,2884;196,8351
30/09/2021;184.5696;188,3257;167,3431
29/09/2021;180.2501;181,1125;165,1574
28/09/2021;178.923;172,3739;157,692
27/09/2021;171.2417;172,1823;132,3328
24/09/2021;158.3575;147,7292;132,2349
23/09/2021;145.9185;146,9836;131,987
22/09/2021;142.0503;147,1419;131,9956
21/09/2021;140.749;145,9951;131,5789
20/09/2021;140.7249;145,9275;131,3433
17/09/2021;138.1663;143,9232;130,2772
16/09/2021;143.6586;142,1285;130,9079
15/09/2021;143.0385;143,3347;130,766
08/09/2021;140.7348;142,8934;128,7141
07/09/2021;140.4257;142,5796;129,1494
03/09/2021;134.3461;139,0759;128,682
02/09/2021;134.4479;136,5704;126,8845
01/09/2021;127.5661;133,3953;124,6515
31/08/2021;130.4311;130,9393;117,2107
27/08/2021;125.4134;126,2189;117,2306
25/08/2021;125.3186;126,5081;117,3747
24/08/2021;123.3728;126,7761;117,2041
23/08/2021;121.2893;126,3306;117,091
20/08/2021;115.4241;125,2565;117,9891
19/08/2021;120.3529;123,5652;118,2114
18/08/2021;125.8753;128,2237;117,6345
17/08/2021;130.0393;128,1602;117,9535
16/08/2021;129.2774;128,8953;117,0502
13/08/2021;126.5796;126,9188;116,3175
12/08/2021;128.7627;127,0146;116,9523
11/08/2021;122.3907;126,1822;116,2137
10/08/2021;122.5892;124,68;116,2314
09/08/2021;121.5813;123,2853;115,7451
06/08/2021;119.0476;122,2364;114,2432
05/08/2021;116.8442;119,6755;112,9986
04/08/2021;115.7583;119,2226;111,9561
03/08/2021;115.7251;118,1282;111,7201
02/08/2021;115.8675;117,8478;112,3704
30/07/2021;116.6386;111,8787;104,0017
29/07/2021;115.6823;111,3495;103,441
28/07/2021;114.001;112,2277;103,8676
26/07/2021;114.2046;112,2129;104,2461
23/07/2021;112.3524;112,5223;104,4941
22/07/2021;112.3619;112,3195;104,503
21/07/2021;110.2442;112,6611;104,308
20/07/2021;110.0576;112,2336;104,6354
14/07/2021;110.6886;110,9844;101,3942
12/07/2021;105.5317;107,0917;99,1652
08/07/2021;101.3342;106,0209;99,2231
07/07/2021;101.1463;105,6917;99,3723
02/07/2021;100.3034;104,1807;98,8284
01/07/2021;99.1729;103,2242;96,9362
30/06/2021;98.1695;101,8558;96,0776
29/06/2021;96.7465;96,7633;97,2257
28/06/2021;96.4441;93,9701;97,7021
25/06/2021;96.7904;90,8405;97,0837
15/06/2021;85.7803;89,0795;94,5645
11/06/2021;92.3509;90,9466;95,3659
09/06/2021;84.8662;88,8898;94,4326
08/06/2021;84.915;86,969;93,3777
04/06/2021;81.1755;83,2306;92,8894
03/06/2021;82.2748;82,8522;92,0901
02/06/2021;77.8115;78,6305;91,7356
01/06/2021;77.7987;78,5357;86,0941
28/05/2021;75.601;70,6375;86,3483
27/05/2021;75.0492;70,456;86,122
26/05/2021;74.5693;70,4676;86,1362
25/05/2021;73.6735;69,9592;85,3061
24/05/2021;72.3291;69,955;84,5682
21/05/2021;70.4081;69,9975;84,9002
20/05/2021;68.4034;69,2377;83,1834
19/05/2021;68.7069;69,0108;84,1686
18/05/2021;68.6989;69,2308;83,8789
14/05/2021;71.2521;70,3871;85,3789
12/05/2021;70.5775;71,1327;83,4783
11/05/2021;70.1301;69,7349;82,5375
10/05/2021;69.9151;69,1318;81,9523
07/05/2021;66.1021;67,7464;81,8877
06/05/2021;66.6446;67,7221;80,3216
05/05/2021;65.1812;66,5973;79,2586
04/05/2021;65.221;65,3875;77,2324
30/04/2021;64.6114;59,7021;77,3423
29/04/2021;62.0564;59,3332;76,7041
28/04/2021;61.4534;59,1438;76,6724
27/04/2021;61.6212;59,3466;76,799
26/04/2021;60.7465;59,2982;76,8435
23/04/2021;61.0794;59,0958;77,1551
22/04/2021;60.7574;59,6338;77,5281
21/04/2021;60.6665;59,503;77,7445
20/04/2021;60.9989;59,2953;77,9523
19/04/2021;62.9642;59,4199;78,0354
14/04/2021;58.524;57,8561;79,5208
13/04/2021;58.6807;57,7599;79,7338
09/04/2021;55.4808;56,7838;80,4472
07/04/2021;58.7616;57,9612;81,8029
06/04/2021;59.1158;59,2842;82,469
02/04/2021;60.2789;59,6603;82,469
01/04/2021;60.2123;59,6603;82,2505
31/03/2021;59.2599;59,7715;81,0454
30/03/2021;59.6978;59,7576;81,1849
29/03/2021;59.4542;59,9388;80,3435
25/03/2021;59.0785;58,1435;80,3298
24/03/2021;59.1348;57,9072;80,0034
23/03/2021;58.9501;57,7686;79,7536
19/03/2021;57.5905;57,3385;78,5936
16/03/2021;54.7899;55,7563;76,3445
15/03/2021;54.9966;55,6254;75,5366
12/03/2021;54.3842;55,3046;74,3809
11/03/2021;54.1555;55,0317;73,1392
10/03/2021;53.9036;55,3878;73,3333
09/03/2021;52.5298;55,4715;73,3737
08/03/2021;52.7738;55,3492;73,7566
02/03/2021;53.3543;54,7192;70,8082
01/03/2021;53.5403;54,3704;73,5038
26/02/2021;53.8347;54,5801;73,3394
25/02/2021;52.1518;54,0407;72,725
24/02/2021;52.2032;54,0529;72,509
23/02/2021;52.4735;54,202;72,8867
22/02/2021;52.4519;54,3031;73,0624
19/02/2021;52.9834;54,4689;73,0379
18/02/2021;51.6628;54,0619;73,544
17/02/2021;51.886;54,2954;73,7371
16/02/2021;52.462;54,1557;73,4881
15/02/2021;52.5686;55,2897;73,3075
12/02/2021;55.2071;55,2897;73,1969
11/02/2021;55.0792;55,3677;72,7243
10/02/2021;56.1195;56,1654;72,3011
08/02/2021;55.5279;56,6899;71,7131
04/02/2021;52.6668;54,2551;68,5922
03/02/2021;52.3517;52,9334;68,3896
02/02/2021;54.6006;54,4345;69,133
01/02/2021;56.7626;54,0675;75,1306
29/01/2021;57.5148;55,8668;74,8599
28/01/2021;56.101;55,8947;74,9113
27/01/2021;56.1612;55,8722;74,9092
26/01/2021;55.5099;55,5921;74,4243
25/01/2021;55.4091;55,5327;74,5654
22/01/2021;54.9684;55,519;74,7925
18/01/2021;56.3514;56,6319;76,1014
15/01/2021;58.8094;56,6319;76,3785
14/01/2021;59.0244;57,3791;76,7111
13/01/2021;59.0195;57,7856;76,8693
12/01/2021;57.3441;57,9585;73,9739
11/01/2021;57.6179;56,3421;73,9979
08/01/2021;56.0648;56,0648;72,3932
05/01/2021;57.7517;52,8713;70,1968
04/01/2021;57.9686;56,6215;71,2361
24/12/2020;57.6481;54,3246;73,8552
23/12/2020;57.6529;54,247;73,8613
18/12/2020;55.8956;53,8556;73,317
17/12/2020;55.8454;53,6035;73,129
11/12/2020;53.0509;53,7941;67,707
10/12/2020;52.9417;52,7357;66,1668
09/12/2020;52.5619;52,3136;66,3025
08/12/2020;52.475;52,0205;67,639
04/12/2020;52.4752;52,0627;69,5545
03/12/2020;50.5354;50,9061;69,687
02/12/2020;50.6397;51,1762;69,3355
01/12/2020;50.3314;50,8285;69,4118
30/11/2020;50.9306;51,1402;57,5991
27/11/2020;49.5319;44,9758;57,5573
26/11/2020;49.7356;44,9929;57,794
25/11/2020;49.148;44,9929;57,9199
24/11/2020;48.3681;44,7931;57,6632
23/11/2020;46.2416;44,9324;57,1368
18/11/2020;47.2494;44,6338;56,4462
17/11/2020;46.6908;44,5578;56,572
16/11/2020;47.2279;44,7144;58,1709
13/11/2020;46.6531;44,6247;56,4571
12/11/2020;46.5097;44,4764;56,0403
11/11/2020;43.3897;43,6868;55,4046
10/11/2020;45.9624;43,4654;54,2153
09/11/2020;48.6752;43,2151;53,2464
06/11/2020;44.3059;42,874;52,308
05/11/2020;44.4971;43,5242;52,1107
04/11/2020;43.7639;43,38;52,2522
03/11/2020;44.1465;43,6342;52,0024
02/11/2020;44.4158;43,5567;51,5893
23/10/2020;48.1491;47,8961;49,9621
22/10/2020;48.3243;48,1127;49,8053
21/10/2020;48.8998;47,6351;49,785
20/10/2020;49.9112;48,2193;50,1227
19/10/2020;49.7195;48,5297;50,442
16/10/2020;49.4965;48,5578;50,4779
15/10/2020;49.5472;48,3086;50,6151
14/10/2020;49.3785;48,2292;50,4853
13/10/2020;48.1948;48,1097;50,579
12/10/2020;47.9133;48,1249;51,1724
09/10/2020;49.3488;48,7145;51,3786
08/10/2020;50.1786;49,073;51,5819
07/10/2020;49.4898;49,0221;51,7007
06/10/2020;49.5995;49,216;52,7953
05/10/2020;50.0806;48,8923;52,1178
02/10/2020;49.6713;48,1516;52,8473
01/10/2020;50.2256;48,7358;52,9071
30/09/2020;49.2832;48,8565;53,9171
29/09/2020;48.5437;48,3308;54,1475
28/09/2020;48.8683;49,1255;48,9969
25/09/2020;47.1195;44,9699;49,1402
24/09/2020;47.2498;44,9366;48,8348
23/09/2020;45.4584;44,7723;48,7606
22/09/2020;45.2759;44,5071;48,4794
21/09/2020;45.8833;44,2264;48,0924
18/09/2020;44.8847;43,9723;47,8584
17/09/2020;45.2266;43,8508;47,7336
16/09/2020;45.4122;44,0579;46,3433
15/09/2020;45.2934;43,816;47,8683
14/09/2020;45.5005;43,6889;47,9862
11/09/2020;44.7024;43,6893;47,8261
10/09/2020;44.4426;43,7653;47,617
09/09/2020;44.0603;43,5519;47,492
08/09/2020;44.1464;43,5096;47,5847
07/09/2020;44.0467;43,504;47,9394
04/09/2020;44.1798;43,504;48,4879
03/09/2020;44.1387;43,548;48,6117
02/09/2020;45.5581;43,4911;49,439
01/09/2020;45.3401;44,1646;46,1629
28/08/2020;43.1824;41,2081;46,2909
27/08/2020;41.7308;41,4517;46,5274
26/08/2020;41.2545;41,3814;46,4959
25/08/2020;40.5645;41,3674;46,8182
24/08/2020;40.8925;41,4015;47,0434
21/08/2020;40.1441;41,3311;47,181
20/08/2020;40.8972;41,1923;46,9685
19/08/2020;40.9598;41,5681;47,1443
18/08/2020;40.7411;41,3698;46,6929
17/08/2020;40.8628;41,7474;46,5077
14/08/2020;41.3225;41,7194;45,8154
13/08/2020;41.5256;41,9489;45,8432
12/08/2020;41.6992;42,1406;46,0873
11/08/2020;43.019;42,8486;46,3413
10/08/2020;45.5862;43,0726;46,9922
06/08/2020;44.3789;42,3579;46,6947
05/08/2020;44.8107;42,9981;47,2557
04/08/2020;45.0678;43,7288;47,7966
03/08/2020;45.0642;43,9588;45,7444
31/07/2020;44.2076;42,3815;45,609
29/07/2020;43.0874;42,112;46,0984
28/07/2020;42.7693;42,3425;46,5682
27/07/2020;42.2773;42,1241;46,4641
24/07/2020;44.4483;42,5176;46,9367
23/07/2020;44.4627;42,867;47,1796
22/07/2020;44.5453;43,0498;47,2424
21/07/2020;43.5971;43,0331;47,4145
20/07/2020;43.0357;42,8609;48,1475
17/07/2020;43.2347;43,1472;48,0046
16/07/2020;43.3102;43,0466;48,2298
15/07/2020;42.7257;42,9448;47,7651
14/07/2020;42.7782;42,6027;47,5605
13/07/2020;42.9894;42,9894;47,619
10/07/2020;43.7246;43,2377;47,7518
09/07/2020;44.6592;43,6132;48,4886
08/07/2020;46.7385;43,7373;48,5038
07/07/2020;46.4774;44,9423;48,9796
06/07/2020;46.2062;45,2777;48,3286
03/07/2020;45.2792;45,2483;49,0309
01/07/2020;45.4222;44,6667;48,8444
30/06/2020;44.1457;44,208;49,3723
29/06/2020;44.0391;44,395;49,911
26/06/2020;43.9066;40,6348;49,8351
25/06/2020;42.8813;40,5634;49,8796
24/06/2020;42.9778;40,4444;49,7333
23/06/2020;42.19;40,1557;49,3985
22/06/2020;40.9309;40,1048;49,8756
19/06/2020;40.8949;40,2685;50,0224
18/06/2020;39.9482;39,9929;49,8572
17/06/2020;39.8025;39,7581;50,3869
16/06/2020;40.9127;39,8207;50,3862
15/06/2020;40.2137;39,7898;50,2561
12/06/2020;39.0528;39,7192;50,3377
11/06/2020;40.17;39,2582;50,2346
10/06/2020;39.9156;39,3614;51,5877
09/06/2020;41.3404;39,9471;52,4691
08/06/2020;41.5161;40,5597;52,8693
05/06/2020;41.6962;40,8986;52,9954
04/06/2020;41.355;40,3582;53,6785
03/06/2020;42.0673;41,3105;53,9975
02/06/2020;41.7226;41,7674;53,8544
01/06/2020;38.6204;40,1473;48,2756
29/05/2020;38.0699;34,781;48,3871
28/05/2020;37.9198;34,9404;48,3929
27/05/2020;38.1714;35,1722;48,5322
26/05/2020;37.796;35,2459;48,8616
25/05/2020;38.0769;35,4587;49,3119
22/05/2020;38.211;35,4587;49,3119
21/05/2020;37.6747;35,3914;48,9086
20/05/2020;37.5786;35,3011;48,2828
19/05/2020;38.1192;35,6194;48,5304
18/05/2020;38.3065;35,9238;48,662
15/05/2020;38.7702;36,061;48,9598
14/05/2020;38.7819;36,2366;48,9171
12/05/2020;38.263;36,2807;49,0503
11/05/2020;39.5614;36,8777;48,9391
08/05/2020;40.821;36,9465;48,9391
07/05/2020;40.8512;36,9738;48,4675
06/05/2020;40.1149;37,0576;48,4528
05/05/2020;38.7525;36,6304;47,1028
04/05/2020;38.5109;35,7601;48,1386
30/04/2020;35.4633;36,4674;46,3259
29/04/2020;36.0802;35,8227;45,4152
28/04/2020;35.7552;35,7737;45,3873
27/04/2020;36.4795;36,1101;52,6413
24/04/2020;38.2163;41,5434;52,6802
23/04/2020;38.9755;41,7131;52,8489
22/04/2020;39.2719;41,7668;51,9313
21/04/2020;40.3924;41,5438;51,9068
17/04/2020;42.9386;41,9272;54,3398
16/04/2020;41.8366;41,9935;54,1301
15/04/2020;41.0287;41,6246;54,1854
14/04/2020;44.0842;41,6249;54,7864
10/04/2020;44.1244;42,7839;55,5962
09/04/2020;44.1567;42,7839;55,5962
08/04/2020;43.6441;42,8335;59,7366
07/04/2020;43.0251;43,2087;60,9331
06/04/2020;42.7949;42,8135;61,8571
03/04/2020;43.7454;42,9774;63,0551
02/04/2020;45.0442;43,8007;66,3688
01/04/2020;47.0717;43,7876;66,913
31/03/2020;46.0876;44,8817;65,4184
30/03/2020;46.4693;46,1253;58,3016
27/03/2020;47.1724;42,9982;57,675
26/03/2020;49.2383;43,4802;57,5354
25/03/2020;49.9081;44,1636;58,8235
24/03/2020;45.5178;44,359;59,2843
23/03/2020;45.798;44,3056;59,2295
20/03/2020;46.9422;44,3707;60,4077
19/03/2020;46.1459;43,9663;60,898
18/03/2020;45.4504;43,3428;59,9285
17/03/2020;43.9705;42,7883;59,4762
16/03/2020;43.243;41,6331;59,1629
12/03/2020;42.4305;41,3127;59,4205
11/03/2020;42.1585;41,2266;58,0456
10/03/2020;42.1137;41,1384;57,9395
09/03/2020;41.3209;40,5783;58,5743
06/03/2020;42.623;41,7368;61,7191
05/03/2020;42.9131;42,3525;63,6178
04/03/2020;42.7789;42,3029;65,6548
03/03/2020;42.0732;42,0732;74,3802
02/03/2020;42.7866;42,0859;74,3802
28/02/2020;42.8571;43,8095;75,3741
27/02/2020;42.9624;43,7807;75,5592
26/02/2020;43.1106;44,1217;76,5236
25/02/2020;44.2136;44,1677;76,6615
24/02/2020;43.4021;44,2315;77,0365
21/02/2020;44.0376;44,591;77,1927
20/02/2020;46.2116;44,9318;77,7613
19/02/2020;45.3813;45,5387;78,0267
18/02/2020;47.0299;45,7789;78,5377
14/02/2020;48.4765;46,6297;78,5319
13/02/2020;47.2786;46,1255;78,4594
12/02/2020;45.0741;44,8441;78,3277
11/02/2020;44.8965;44,1176;77,79
10/02/2020;43.8904;43,5879;76,4048
07/02/2020;45.5085;44,0921;77,4011
06/02/2020;45.3552;44,6266;77,4135
05/02/2020;46.3763;44,9668;76,1117
04/02/2020;44.3579;44,1949;72,9035
03/02/2020;42.6388;43,1814;75,737
31/01/2020;42.5944;45,4341;77,5264
30/01/2020;44.7869;45,6936;78,9211
29/01/2020;44.8724;45,7807;79,98
28/01/2020;45.2813;45,6897;78,5844
27/01/2020;45.6609;45,7062;78,7037
24/01/2020;45.5865;45,5865;78,6537
23/01/2020;44.4535;45,5121;78,2211
22/01/2020;44.4505;45,307;77,8108
21/01/2020;44.288;45,3438;77,6936
20/01/2020;44.9342;45,6349;78,3757
17/01/2020;47.7994;45,6349;78,4181
16/01/2020;45.8734;45,6668;77,5483
15/01/2020;48.973;46,4167;77,9891
14/01/2020;49.0698;46,9129;81,7831
13/01/2020;49.5374;47,8757;83,6702
10/01/2020;48.5612;47,6619;78,3273
09/01/2020;48.5817;47,276;77,4876
08/01/2020;48.6355;47,2845;76,9612
07/01/2020;48.1392;47,2155;73,3566
06/01/2020;48.1551;46,9043;71,3839
31/12/2019;47.2792;47,413;73,6396
20/12/2019;46.9399;48,1585;74,4719
19/12/2019;48.6061;48,1565;73,9209
18/12/2019;48.8255;48,1955;73,7107
17/12/2019;50.2287;48,1209;73,2353
16/12/2019;49.1833;47,9716;73,2364
13/12/2019;50.0495;48,2507;73,5678
12/12/2019;50.009;48,5262;73,9127
11/12/2019;49.2272;48,0769;73,9576
10/12/2019;49.3869;48,5034;74,0173
05/12/2019;51.9096;49,4505;73,8606
04/12/2019;52.0946;50,6952;75,1625
03/12/2019;53.9211;50,8979;74,7225
02/12/2019;53.8052;51,7739;68,9717
29/11/2019;53.3364;50,8852;69,0422
28/11/2019;53.3751;50,8729;69,3649
27/11/2019;53.537;50,8729;69,3763
26/11/2019;53.7756;50,8259;69,2957
25/11/2019;54.1633;50,8036;69,2818
22/11/2019;54.2098;50,8075;69,1798
21/11/2019;53.3599;50,5562;68,1469
20/11/2019;52.3844;50,3522;66,9256
19/11/2019;50.5958;49,8736;66,2574
15/11/2019;51.9457;50,5882;64,0724
14/11/2019;51.2658;50,8575;63,8781
13/11/2019;51.4083;50,5633;64,056
12/11/2019;51.331;50,3316;63,6867
11/11/2019;50.5348;50,0363;62,5906
08/11/2019;52.333;50,6082;62,8177
07/11/2019;52.4934;50,8191;62,6754
06/11/2019;52.6435;50,4293;62,404
05/11/2019;52.3749;51,3365;61,676
04/11/2019;52.1301;51,0516;60,5788
31/10/2019;50.3857;50,6726;59,1928
30/10/2019;50.7983;50,5023;59,5174
29/10/2019;50.6301;50,7651;60,036
28/10/2019;50.6848;50,7749;60,9119
25/10/2019;52.7622;53,9809;61,0218
24/10/2019;52.6387;53,9896;60,879
23/10/2019;52.3228;53,8683;60,7871
22/10/2019;54.2071;53,9824;60,7695
21/10/2019;54.2967;54,0007;60,6387
18/10/2019;54.4364;53,8544;60,1218
17/10/2019;54.6035;54,1719;60,241
16/10/2019;55.0858;54,4715;60,1626
15/10/2019;56.0693;54,8454;60,2847
14/10/2019;56.3838;55,1324;60,1197
11/10/2019;56.1594;54,9819;59,9185
10/10/2019;56.3431;55,2072;60,478
09/10/2019;56.7964;55,4745;60,8077
08/10/2019;55.9156;56,0526;59,8868
07/10/2019;55.8341;54,9681;57,9307
04/10/2019;55.348;54,3914;56,4413
03/10/2019;55.9103;54,0405;56,5487
02/10/2019;55.9409;54,2526;57,2185
01/10/2019;56.0384;54,8948;58,097
30/09/2019;54.7807;54,6431;54,6431
27/09/2019;53.9861;55,1746;55,2203
26/09/2019;53.7313;55,4436;55,0774
25/09/2019;53.4229;55,0681;55,1138
24/09/2019;55.8178;55,0009;54,1387
23/09/2019;55.9549;55,318;55,0905
20/09/2019;57.0936;55,5959;54,5974
19/09/2019;57.2011;55,2083;54,6649
18/09/2019;56.4421;55,2634;55,1727
17/09/2019;57.61;55,5957;55,1892
16/09/2019;58.3909;56,1364;55,0455
13/09/2019;56.8048;55,0438;54,1407
12/09/2019;57.0473;55,0131;54,3351
11/09/2019;57.3167;54,955;55,1367
10/09/2019;55.628;54,9217;53,6086
09/09/2019;53.8657;52,8698;54,1825
06/09/2019;52.5528;52,2808;55,3188
05/09/2019;52.4155;52,0257;55,1527
30/08/2019;49.595;49,3675;54,0814
29/08/2019;47.9421;49,4799;53,8218
27/08/2019;47.8629;49,6393;53,8323
23/08/2019;49.2462;49,6231;53,4817
22/08/2019;51.0923;49,8285;53,8906
21/08/2019;50.1669;49,8962;54,1189
20/08/2019;51.5812;50,1397;53,8787
19/08/2019;51.5078;50,3792;53,7649
16/08/2019;51.8532;50,4103;53,9273
15/08/2019;52.224;50,4232;54,295
14/08/2019;52.7025;50,5028;54,0941
13/08/2019;52.3771;50,5417;54,0335
12/08/2019;51.3735;50,2141;53,8709
09/08/2019;51.3038;50,2322;53,581
08/08/2019;50.993;50,4563;53,1848
07/08/2019;50.3528;50,1027;53,5858
06/08/2019;50.3929;50,0536;55,367
05/08/2019;51.9996;50,8838;56,2846
02/08/2019;53.0746;52,2193;57,2612
01/08/2019;52.8106;53,0993;57,5656
31/07/2019;52.5104;52,2846;58,3348
30/07/2019;51.7798;51,9143;58,8183
29/07/2019;52.2523;52,0459;59,0901
26/07/2019;54.2292;52,4494;58,9663
25/07/2019;55.1368;52,2207;58,8605
24/07/2019;55.2114;52,2489;58,8922
23/07/2019;55.152;52,1926;58,8288
22/07/2019;53.0871;51,9272;58,4404
19/07/2019;55.2585;52,0053;58,066
18/07/2019;53.0377;51,1752;57,8714
17/07/2019;52.8379;51,5905;57,3822
16/07/2019;52.9039;51,1196;57,9445
15/07/2019;53.4209;51,3014;58,5414
12/07/2019;53.5096;51,3355;58,834
11/07/2019;53.7682;51,6353;58,5674
10/07/2019;52.5647;51,4712;58,3607
09/07/2019;51.2939;50,3748;59,7448
08/07/2019;53.5045;50,8739;59,7913
05/07/2019;51.0068;50,1604;59,0253
04/07/2019;47.6338;46,821;57,7809
03/07/2019;47.6634;46,821;57,6838
02/07/2019;47.1949;45,5553;56,9884
01/07/2019;46.965;44,8383;55,782
28/06/2019;43.6137;43,0155;55,3747
27/06/2019;43.1474;43,1914;55,4187
26/06/2019;43.6752;43,0595;55,4627
25/06/2019;43.5108;43,0708;55,6093
24/06/2019;42.3833;43,0414;55,5019
21/06/2019;43.0494;43,0231;55,4725
20/06/2019;43.6011;43,2203;54,9553
19/06/2019;43.6386;43,3892;54,8824
18/06/2019;44.9022;43,5618;55,4017
17/06/2019;44.7981;43,9957;56,0756
14/06/2019;45.6411;44,4811;56,4379
13/06/2019;46.4745;44,612;56,7184
12/06/2019;46.558;44,7417;58,1643
11/06/2019;46.3412;45,282;57,8604
07/06/2019;47.2156;46,2889;55,9527
06/06/2019;47.4543;46,0351;55,3486
05/06/2019;47.5087;45,9934;55,308
04/06/2019;47.1958;46,5292;54,2174
03/06/2019;46.7082;45,9964;57,1174
31/05/2019;47.2374;50,5507;60,043
30/05/2019;47.3315;51,0332;59,973
28/05/2019;50.8065;51,1649;60,3943
27/05/2019;50.3126;51,4194;60,3464
24/05/2019;50.4821;51,4194;60,3464
23/05/2019;50.6977;51,6547;60,644
22/05/2019;51.5603;52,0086;60,7963
21/05/2019;51.5325;52,1599;60,9876
20/05/2019;51.701;52,1038;61,0564
17/05/2019;53.0656;52,3485;61,3571
16/05/2019;53.7057;52,3183;61,7168
15/05/2019;54.1964;52,5893;62,2768
14/05/2019;54.4497;52,8876;62,4386
13/05/2019;54.3527;52,0805;63,6639
10/05/2019;54.7494;52,7464;63,9633
09/05/2019;55.9715;52,7629;64,5276
08/05/2019;56.1165;53,9719;64,4715
07/05/2019;55.5228;53,5746;64,8794
03/05/2019;54.0179;54,3304;63,4864
02/05/2019;54.1339;53,1049;63,4864
01/05/2019;53.6269;52,2601;63,4864
30/04/2019;52.3852;52,6081;63,4864
29/04/2019;53.4645;52,7492;61,8239
26/04/2019;53.3728;52,2964;62,0291
25/04/2019;53.2794;53,3693;62,1294
24/04/2019;55.712;53,2192;62,1862
23/04/2019;55.5753;53,0958;61,4699
18/04/2019;56.9062;52,9878;61,6707
16/04/2019;56.6046;52,6596;61,1259
15/04/2019;56.7171;52,5338;61,6875
12/04/2019;56.6372;52,8761;61,9469
11/04/2019;56;53,1111;62,5778
10/04/2019;57.2164;52,914;62,7606
09/04/2019;55.1905;52,4376;62,6055
08/04/2019;55.2003;52,1361;61,8616
05/04/2019;53.5045;50,8293;61,0398
03/04/2019;52.0741;48,6915;60,397
02/04/2019;52.2228;50,3035;62,3996
01/04/2019;55.2979;52,3992;68,7656
29/03/2019;55.0058;62,0041;68,7795
28/03/2019;56.7112;62,6114;68,8948
27/03/2019;56.664;62,3722;68,8184
26/03/2019;57.1112;62,5;68,7145
25/03/2019;58.7923;62,5055;68,5616
22/03/2019;58.7819;62,5387;68,7704
21/03/2019;59.5709;62,3406;68,4516
20/03/2019;59.3725;62,3959;68,3113
19/03/2019;61.0626;62,7809;69,081
18/03/2019;61.1327;63,0293;69,1161
15/03/2019;61.9868;63,0905;69,5806
14/03/2019;62.4668;63,7055;69,7664
13/03/2019;63.1788;63,3996;69,8896
12/03/2019;63.3971;64,3718;70,264
11/03/2019;64.3727;64,3727;70,7744
08/03/2019;64.9582;64,3798;71,9434
07/03/2019;65.2252;65,4485;73,0879
06/03/2019;65.0155;65,1039;73,9938
05/03/2019;66.9998;65,8942;74,2084
04/03/2019;66.7284;66,3756;73,8291
28/02/2019;66.1829;65,9631;72,6033
27/02/2019;65.661;66,1888;72,6097
26/02/2019;65.5687;65,0417;72,5077
25/02/2019;64.8882;64,6241;72,68
22/02/2019;64.3682;65,6468;72,7449
21/02/2019;65.5109;65,5109;73,0104
20/02/2019;65.5051;65,5933;72,9157
19/02/2019;64.3739;65,388;72,9277
18/02/2019;65.4404;65,6601;73,3109
15/02/2019;65.3059;65,6601;73,0984
14/02/2019;64.0322;65,3598;73,9003
13/02/2019;63.9148;65,6902;73,8571
12/02/2019;63.361;64,7298;74,6203
11/02/2019;63.6364;65,2772;75,5654
08/02/2019;64.2214;65,4573;75,8739
07/02/2019;65.5203;66,3139;76,3668
06/02/2019;67.6056;66,9894;76,6725
05/02/2019;67.0347;66,2899;76,8489
04/02/2019;67.3371;66,9873;76,6506
01/02/2019;69.0152;67,662;78,2085
31/01/2019;69.1454;69,1629;78,9934
30/01/2019;69.4868;69,6611;78,9231
29/01/2019;69.1164;69,7725;79,2913
28/01/2019;68.967;69,0982;80,0752
25/01/2019;69.0939;71,6789;80,0035
24/01/2019;71.8709;72,4016;81,6895
23/01/2019;72.0562;72,0562;81,3972
22/01/2019;71.6675;72,1958;81,5284
21/01/2019;71.6297;73,233;83,8613
18/01/2019;75.2575;73,233;83,6194
17/01/2019;75.0768;73,19;82,3168
16/01/2019;73.9668;72,8262;80,5036
15/01/2019;72.4111;72,2797;79,7705
14/01/2019;70.7251;71,4659;79,0047
11/01/2019;70.9863;71,9892;79,271
10/01/2019;70.7949;71,5777;78,9703
09/01/2019;70.2972;71,181;78,3728
08/01/2019;71.3287;71,8094;79,2832
07/01/2019;71.1173;71,1173;79,8762
04/01/2019;73.5539;73,159;80,7513
03/01/2019;73.5604;73,4726;82,3385
02/01/2019;75.2072;75,3394;84,7293
28/12/2018;75.4197;76,469;83,6394
27/12/2018;76.0609;76,6909;83,7781
21/12/2018;77.857;77,4611;84,6749
20/12/2018;77.4904;77,1146;83,8868
19/12/2018;79.1209;77,7143;84,6154
18/12/2018;79.2624;77,8541;84,8077
17/12/2018;80.3631;78,3095;85,0079
14/12/2018;79.1545;78,2701;84,5936
13/12/2018;78.7783;77,3699;83,7514
12/12/2018;77.0408;77,1464;83,8318
11/12/2018;77.4085;76,8517;83,8342
10/12/2018;77.0145;76,2219;83,3994
07/12/2018;76.0373;76,0812;83,3333
06/12/2018;75.8308;76,0506;83,348
05/12/2018;76.0314;76,0314;83,6125
04/12/2018;75.6254;75,6788;83,0836
30/11/2018;75.5634;78,2148;82,3243
29/11/2018;73.681;77,649;81,7751
28/11/2018;73.9046;77,7758;81,955
27/11/2018;72.9979;78,3133;81,9454
26/11/2018;72.753;78,0064;81,8912
22/11/2018;72.4117;77,3522;76,9264
21/11/2018;72.2569;77,3522;82,2718
20/11/2018;73.7907;77,5286;82,3659
19/11/2018;73.2687;77,5478;81,8706
16/11/2018;77.0713;78,4726;82,6327
15/11/2018;77.8739;79,5515;83,348
14/11/2018;77.4673;79,855;83,5692
13/11/2018;79.2807;81,0081;84,1527
12/11/2018;81.3943;82,7316;85,3169
09/11/2018;79.1865;80,9511;85,5923
08/11/2018;80.4876;81,2357;85,5923
07/11/2018;81.0137;82,2829;84,7339
06/11/2018;80.9995;81,6121;85,1567
05/11/2018;82.5267;83,2018;85,3937
02/11/2018;83.4431;84,4093;83,9701
01/11/2018;83.5014;83,589;87,4593
31/10/2018;86.649;86,1627;87,4593
30/10/2018;86.83;87,0063;87,4593
29/10/2018;87.0636;87,1955;87,4593
26/10/2018;86.3959;87,9747;87,4923
25/10/2018;87.9198;88,2715;87,6121
24/10/2018;88.886;88,1398;87,5252
23/10/2018;87.8455;87,5839;86,93
22/10/2018;88.4411;87,5861;87,0627
18/10/2018;86.8233;87,1463;86,8844
17/10/2018;84.79;86,3553;86,4423
16/10/2018;84.2478;85,5871;85,9328
15/10/2018;84.9961;85,5144;85,928
12/10/2018;85.1929;85,7551;85,8415
11/10/2018;85.8277;85,5689;86,1727
10/10/2018;86.3865;86,7338;87,7757
09/10/2018;87.5185;87,7361;88,3889
08/10/2018;88.6423;88,0766;88,973
05/10/2018;88.4752;87,8677;88,4752
04/10/2018;88.2915;87,5532;88,1612
03/10/2018;89.3168;87,2255;88,5762
02/10/2018;88.732;87,6494;87,9958
01/10/2018;87.9406;88,027;85,349
28/09/2018;86.5782;86,5351;85,1137
27/09/2018;86.4335;86,0899;85,0159
26/09/2018;87.238;85,4916;84,2989
25/09/2018;86.9935;85,2519;84,105
24/09/2018;86.14;85,4333;84,0286
21/09/2018;85.054;85,2839;83,7093
20/09/2018;85.0955;84,586;84,5011
19/09/2018;85.8465;85,9321;84,6899
18/09/2018;85.2979;84,5692;85,3836
17/09/2018;85.1665;85,0381;85,68
14/09/2018;86.0423;85,6123;86,6443
13/09/2018;85.9856;85,9001;86,4562
12/09/2018;86.4591;86,4591;87,4054
11/09/2018;86.6437;86,9884;86,8591
10/09/2018;85.9213;86,4389;85,5763
07/09/2018;87.0055;86,3994;85,5337
06/09/2018;86.4814;86,9116;84,3731
05/09/2018;87.4538;87,3248;84,2721
04/09/2018;86.4174;87,0823;84,6214
03/09/2018;85.391;84,1883;85,6922
31/08/2018;84.7918;84,1883;85,8695
30/08/2018;85.8612;83,7189;85,347
29/08/2018;85.4263;83,4615;85,0846
28/08/2018;85.5213;83,5115;85,0509
24/08/2018;82.3939;83,4696;85,3197
23/08/2018;82.9938;84,034;86,1142
22/08/2018;84.2963;83,5202;85,633
21/08/2018;85.4006;84,4066;86,2218
20/08/2018;86.4622;85,6346;87,2027
17/08/2018;86.8672;85,8617;86,4737
16/08/2018;86.1538;85,978;87,3407
14/08/2018;87.5066;86,5368;89,0496
13/08/2018;85.3787;85,6417;89,148
10/08/2018;84.5136;85,0131;89,3953
09/08/2018;83.0731;83,5936;88,886
08/08/2018;83.6348;83,0749;88,975
07/08/2018;83.2112;83,4267;88,8161
06/08/2018;81.3641;83,2251;89,0245
03/08/2018;81.7412;81,6547;89,4355
02/08/2018;80.7287;81,7648;90,1399
01/08/2018;80.1853;81,5749;92,1907
31/07/2018;81.5157;81,3446;92,1907
30/07/2018;81.109;81,0407;92,1907
27/07/2018;81.5031;86,4791;92,5704
26/07/2018;82.0376;86,7623;92,8614
25/07/2018;82.4949;86,0334;91,8741
24/07/2018;82.8055;86,6142;92,1773
23/07/2018;83.3191;86,6125;91,8306
20/07/2018;84.0587;85,7228;92,4219
19/07/2018;85.9033;86,7623;93,291
18/07/2018;85.9254;87,3432;91,9832
17/07/2018;85.7706;86,6712;91,8604
16/07/2018;84.9774;86,0022;91,7243
13/07/2018;84.7497;86,6068;92,255
12/07/2018;87.1819;87,0534;91,5946
11/07/2018;87.1744;87,7313;93,2145
10/07/2018;86.016;87,0806;92,233
09/07/2018;85.9648;86,7733;91,5397
06/07/2018;84.504;85,2278;91,8263
05/07/2018;84.9089;85,8927;91,7529
04/07/2018;83.2332;85,3282;91,3849
03/07/2018;83.2261;85,3282;90,9052
02/07/2018;84.4574;84,93;89,5696
29/06/2018;83.6686;82,5559;89,2322
28/06/2018;83.7728;83,038;90,1271
27/06/2018;83.8816;83,1025;90,2874
26/06/2018;81.5801;82,4388;89,4375
25/06/2018;81.1827;82,0373;89,1301
22/06/2018;80.8666;82,3681;89,4466
21/06/2018;82.6049;82,7515;90,768
19/06/2018;84.9154;83,7073;91,3876
18/06/2018;84.0647;83,2903;91,0342
15/06/2018;83.8546;83,2687;91,238
12/06/2018;82.6024;82,4321;90,3091
11/06/2018;81.9046;81,6075;89,6282
08/06/2018;81.1661;81,1661;89,7926
07/06/2018;80.7409;80,868;88,709
06/06/2018;80.2514;80,5232;88,72
05/06/2018;81.7189;80,9934;89,8694
04/06/2018;82.1508;81,8943;89,246
01/06/2018;81.2178;81,7753;89,3136
31/05/2018;82.0359;81,266;89,3136
29/05/2018;80.8199;81,5566;89,3136
25/05/2018;78.5408;76,7811;88,4979
24/05/2018;78.5903;76,457;87,6781
23/05/2018;78.5739;76,5646;87,8933
22/05/2018;79.3853;76,074;87,4936
21/05/2018;78.8804;75,9966;87,447
18/05/2018;79.6603;76,0934;87,8981
17/05/2018;79.5387;76,2741;87,7639
16/05/2018;78.5551;75,8872;87,2787
15/05/2018;77.5957;75,5681;87,5222
14/05/2018;77.0231;75,0943;86,5409
11/05/2018;76.4529;74,0245;85,4966
10/05/2018;74.5404;73,659;84,8653
09/05/2018;74.9367;73,5021;84,9789
08/05/2018;73.765;72,5847;84,0499
04/05/2018;72.2529;71,2912;82,3716
03/05/2018;72.1615;70,9936;82,0889
02/05/2018;72.3849;71,046;81,841
01/05/2018;72.5423;71,3333;77,9995
30/04/2018;70.3817;70,5887;77,9995
27/04/2018;69.4673;67,4472;77,7127
26/04/2018;69.705;67,5151;77,8448
25/04/2018;68.9695;67,1519;77,4324
24/04/2018;68.4628;66,7212;77,0646
23/04/2018;68.813;66,9698;77,4146
20/04/2018;68.5333;66,5798;77,161
19/04/2018;67.6442;66,267;76,3124
18/04/2018;66.5616;65,5917;75,7759
17/04/2018;66.4915;65,6831;76,2328
16/04/2018;67.8219;66,1658;75,9008
13/04/2018;68.3754;66,4287;75,878
12/04/2018;67.4483;66,4503;75,7809
11/04/2018;67.2301;66,3971;75,4549
10/04/2018;67.1038;66,3753;75,4412
09/04/2018;67.1727;66,645;75,7367
06/04/2018;65.9555;66,037;75,971
05/04/2018;66.1873;65,9013;75,0531
04/04/2018;65.5127;65,081;74,2445
30/03/2018;63.477;64,5882;74,3029
29/03/2018;63.4826;64,5882;74,3029
28/03/2018;63.2973;64,638;74,3479
27/03/2018;63.2449;64,269;73,6634
26/03/2018;62.8757;64,017;73,3805
23/03/2018;63.76;64,6506;73,9616
22/03/2018;65.2846;65;74,5528
21/03/2018;65.0535;64,8914;74,4163
20/03/2018;65.6863;65,6863;74,5098
19/03/2018;64.0558;64,4612;74,3939
16/03/2018;65.6385;65,0281;74,8759
15/03/2018;65.5884;65,7916;74,7318
14/03/2018;65.2649;65,5075;74,5653
13/03/2018;65.5824;65,5824;74,1787
12/03/2018;66.5991;65,5611;74,8459
09/03/2018;66.8346;66,0707;75,0914
08/03/2018;66.6937;65,8814;74,736
07/03/2018;66.1457;65,5011;75,3706
06/03/2018;66.1184;65,3927;75,9152
05/03/2018;64.5724;64,8561;76,5707
02/03/2018;64.7885;64,0984;76,1143
01/03/2018;65.2156;64,6857;78,0142
28/02/2018;66.6366;66,8826;77,6715
27/02/2018;66.7975;67,0428;77,6715
26/02/2018;68.2283;67,798;76,8918
23/02/2018;71.5855;69,7551;77,1984
22/02/2018;70.7681;69,7948;76,8108
21/02/2018;69.8583;69,7362;77,1861
20/02/2018;69.6336;69,3904;76,3619
19/02/2018;68.1712;68,2844;75,8846
16/02/2018;66.5914;68,2844;75,1371
15/02/2018;66.7733;67,8129;74,4102
14/02/2018;67.079;68,2841;73,787
13/02/2018;67.166;68,4211;73,8462
12/02/2018;65.2917;67,2036;73,7532
09/02/2018;65.4786;67,3588;74,3072
08/02/2018;66.5578;68,4769;75,2144
07/02/2018;68.749;70,013;74,9878
06/02/2018;67.9541;69,2065;76,3171
05/02/2018;69.459;70,4294;76,7769
02/02/2018;70.0642;70,9872;76,1236
01/02/2018;69.8753;70,235;78,7903
31/01/2018;72.2625;72,1417;78,7903
30/01/2018;74.4355;73,3065;78,7903
29/01/2018;74.5497;73,7016;78,9112
26/01/2018;74.4021;76,697;78,6295
25/01/2018;74.5462;76,8455;78,7011
24/01/2018;74.3592;76,7371;78,6313
23/01/2018;75.5062;77,4579;79,3283
22/01/2018;75.8564;77,7732;79,5677
19/01/2018;75.9002;77,946;79,6645
18/01/2018;75.5904;77,6334;79,4312
17/01/2018;76.5758;78,0942;79,8178
16/01/2018;77.0046;77,7796;79,3703
15/01/2018;76.3804;78,4982;79,235
12/01/2018;77.3492;78,4982;79,6061
11/01/2018;78.2146;79,2952;80,6666
10/01/2018;79.0289;80,0753;81,373
09/01/2018;79.3884;80,5195;81,5249
08/01/2018;79.5905;80,5683;80,9444
05/01/2018;78.5251;80,1463;80,4373
04/01/2018;78.2713;79,6387;79,7216
03/01/2018;79.4206;80,4196;79,9201
02/01/2018;79.1242;80,3683;79,0827
01/01/2018;78.9224;78,7763;79,4848
29/12/2017;80.0517;78,7763;79,4848
28/12/2017;80.1273;79,3903;79,8509
27/12/2017;80.2625;79,7156;80,2204
26/12/2017;80.3508;79,946;80,4166
25/12/2017;80.2831;79,9528;80,4166
22/12/2017;80.3829;79,9528;80,4166
21/12/2017;80.2914;79,845;80,4767
20/12/2017;80.2511;79,9141;80,546
19/12/2017;80.419;80,1233;80,419
18/12/2017;81.4023;80,7232;80,5534
15/12/2017;81.3138;80,9224;81,05
14/12/2017;80.0289;80,7931;80,6657
13/12/2017;81.0825;80,3383;81,649
12/12/2017;81.8825;81,1755;81,6865
11/12/2017;80.0731;80,515;81,2797
08/12/2017;79.1652;80,2023;81,1799
07/12/2017;77.8608;79,6024;80,8343
06/12/2017;77.7024;79,3981;80,7122
05/12/2017;77.5964;79,0765;80,5565
04/12/2017;77.4191;78,8941;79,6106
01/12/2017;76.1208;77,9712;76,7065
30/11/2017;78.1381;77,9281;76,7065
29/11/2017;78.0788;78,5009;76,7065
28/11/2017;77.7093;77,7515;76,7065
27/11/2017;77.0427;77,2949;76,7065
24/11/2017;76.1106;78,751;76,6136
23/11/2017;76.7089;79,3993;77,0042
22/11/2017;76.9036;79,3993;77,242
21/11/2017;77.5326;79,9182;77,916
20/11/2017;77.1394;80,0801;78,1623
17/11/2017;77.2492;79,4115;77,8004
16/11/2017;77.1094;79,8284;78,2564
15/11/2017;77.1775;79,5946;78,2376
14/11/2017;78.586;79,8152;78,8827
13/11/2017;80.1543;81,3116;80,3258
10/11/2017;79.525;81,2827;80,2109
09/11/2017;80.3265;81,3574;80,5842
08/11/2017;80.678;81,6441;81,1265
07/11/2017;80.3194;81,9163;81,0962
06/11/2017;80.9286;81,79;80,8855
03/11/2017;80.2533;80,9856;81,761
02/11/2017;81.1857;81,546;81,7605
01/11/2017;81.4582;81,9919;78,3665
31/10/2017;79.7836;81,4153;78,3665
30/10/2017;79.7493;79,7923;78,6763
27/10/2017;79.4711;79,2557;78,5665
26/10/2017;79.1245;79,0558;78,2403
25/10/2017;78.1409;77,8446;77,2519
24/10/2017;77.6001;78,1954;77,3025
23/10/2017;77.4666;78,1902;77,4666
20/10/2017;78.3332;78,0786;77,3572
19/10/2017;78.8186;77,5527;77,384
18/10/2017;79.5368;78,4763;77,9248
17/10/2017;79.2538;78,3614;78,0214
16/10/2017;78.3383;77,9992;77,1937
13/10/2017;76.9751;77,1866;77,0174
12/10/2017;76.5069;77,1832;76,5914
11/10/2017;75.6937;76,3262;75,8624
10/10/2017;76.2324;76,9947;76,1901
09/10/2017;76.0286;77,136;76,5823
06/10/2017;76.1527;77,5164;77,3886
05/10/2017;77.4979;78,8215;77,3698
04/10/2017;77.8127;78,7907;76,7497
03/10/2017;77.0738;78,2661;76,1795
02/10/2017;76.087;77,4084;78,0477
29/09/2017;76.0244;77,3366;77,5059
28/09/2017;76.7906;77,5628;77,7325
27/09/2017;77.4759;77,8762;78,2168
26/09/2017;77.9238;77,7288;78,6193
25/09/2017;78.0854;77,5789;77,7478
22/09/2017;76.9327;76,8072;77,0164
21/09/2017;77.2678;76,849;77,6028
20/09/2017;79.0514;77,5797;78,2525
19/09/2017;77.4683;77,0097;77,3015
18/09/2017;77.5602;76,6817;77,6439
15/09/2017;78.2179;76,7942;79,2228
14/09/2017;78.3521;76,9844;78,7045
13/09/2017;76.525;76,7354;77,3664
12/09/2017;75.2863;75,3865;76,5984
11/09/2017;75.5585;75,3493;76,0187
08/09/2017;73.8386;74,6697;75,1267
07/09/2017;73.6212;74,1619;75,0354
06/09/2017;74.3013;74,8636;75,7449
05/09/2017;73.5645;74,8825;74,9664
04/09/2017;72.9298;74,3021;74,6532
01/09/2017;73.1214;74,3021;72,8502
31/08/2017;73.5892;73,7319;72,8502
30/08/2017;74.9095;75,0779;73,0157
29/08/2017;74.7578;74,7995;72,9201
25/08/2017;74.2201;71,5364;73,1298
24/08/2017;73.8323;72,1794;73,6628
23/08/2017;73.4943;72,2152;73,4858
22/08/2017;73.4694;72,4915;74,2772
17/08/2017;73.6586;73,3174;74,0425
15/08/2017;72.556;72,1043;73,7663
14/08/2017;73.0175;72,5081;74,0363
11/08/2017;71.489;71,9966;73,2657
10/08/2017;71.7927;71,7077;73,1521
09/08/2017;71.2342;71,4893;72,4249
08/08/2017;71.0273;71,0699;73,4105
07/08/2017;70.8895;71,2287;73,391
04/08/2017;70.7682;70,9976;72,6122
03/08/2017;68.8911;69,8517;71,6212
02/08/2017;68.711;69,3437;71,0731
01/08/2017;69.9771;69,528;54,5608
31/07/2017;70.4223;70,3547;54,5608
28/07/2017;69.6596;71,0213;70
27/07/2017;70.1011;71,5142;70,2724
26/07/2017;70.4313;71,1729;70,0222
25/07/2017;70.6377;71,7106;70,4661
24/07/2017;70.244;71,6188;70,8885
21/07/2017;71.0831;71,692;70,7486
20/07/2017;70.9433;71,7173;70,8143
19/07/2017;71.2176;72,1296;71,4348
18/07/2017;71.9183;72,3251;70,9834
17/07/2017;71.3365;72,7043;71,1796
14/07/2017;70.9863;72,6432;71,0299
13/07/2017;71.8297;73,1022;72,5757
12/07/2017;72.2436;73,8826;73,0938
11/07/2017;72.1326;73,8334;73,2665
10/07/2017;72.8134;74,1732;73,8661
07/07/2017;73.2456;74,9123;73,8596
06/07/2017;73.5423;74,9869;72,229
05/07/2017;72.1459;74,0398;70,6043
04/07/2017;70.7459;70,9947;68,5946
03/07/2017;70.4225;70,9947;68,3099
30/06/2017;70.1655;69,29;67,9331
29/06/2017;69.493;69,0559;67,9196
28/06/2017;70.3235;69,4444;68,3017
27/06/2017;69.6657;69,6833;68,6249
26/06/2017;70.9366;70,6682;69,5948
23/06/2017;70.3449;70,4968;69,5139
22/06/2017;70.583;70,7175;70,0448
21/06/2017;70.7594;70,7953;70,034
20/06/2017;71.4927;70,9538;70,6844
19/06/2017;70.6405;70,9544;70,2368
16/06/2017;69.8223;70,1974;70,0188
15/06/2017;69.685;70,3581;69,685
14/06/2017;68.9578;69,5373;70,4734
13/06/2017;69.4667;69,9572;71,2056
12/06/2017;69.7589;70,0893;72,1429
09/06/2017;70.3002;70,2287;72,2838
08/06/2017;69.4345;70,1481;70,7724
07/06/2017;68.7694;69,2137;69,036
06/06/2017;68.7805;69,0022;68,8692
05/06/2017;69.2321;69,5432;67,7213
02/06/2017;68.3333;68,5284;65,0988
01/06/2017;67.746;68,9055;65,0988
31/05/2017;68.6327;68,3213;65,0988
30/05/2017;69.4805;69,5699;65,0988
29/05/2017;68.6313;66,286;65,3282
26/05/2017;68.0379;66,286;65,3282
25/05/2017;68.2309;66,286;65,2155
24/05/2017;68.2001;66,2833;65,0798
23/05/2017;68.5924;66,5355;65,5965
22/05/2017;67.0167;66,2602;64,9252
19/05/2017;68.0114;66,271;65,1553
18/05/2017;66.9309;66,7507;66,0301
17/05/2017;66.3201;66,3201;65,3791
16/05/2017;65.647;66,2335;65,5568
15/05/2017;65.6429;66,5269;66,0713
12/05/2017;65.657;66,5721;66,3891
11/05/2017;65.8595;66,9828;67,1669
10/05/2017;66.1697;67,2281;66,5838
09/05/2017;65.1674;66,915;67,2829
08/05/2017;65.6015;66,5171;68,3025
05/05/2017;66.03;66,8031;68,1673
04/05/2017;66.2327;66,9155;69,055
03/05/2017;67.6622;68,0482;70,4834
02/05/2017;67.2646;67,9967;71,1083
01/05/2017;68.2235;68,407;71,6384
28/04/2017;68.4993;69,252;71,6384
27/04/2017;68.2027;69,3985;71,514
26/04/2017;67.6694;69,1094;71,1272
25/04/2017;67.0023;68,833;71,167
24/04/2017;67.866;69,2463;72,099
21/04/2017;69.4574;70,3897;73,2333
20/04/2017;69.5725;70,5619;73,0819
19/04/2017;69.1008;70,3147;73,6297
18/04/2017;68.4868;70,3969;73,565
17/04/2017;69.6898;71,0056;74,2084
14/04/2017;69.8935;71,193;74,2084
13/04/2017;69.2895;71,193;74,2084
12/04/2017;68.5484;70,2363;74,2217
11/04/2017;69.5152;71,0715;75,4103
10/04/2017;71.0469;71,2735;76,7488
07/04/2017;71.7794;72,4877;77,7295
06/04/2017;72.1011;73,0596;76,1135
05/04/2017;71.4594;72,266;76,8149
04/04/2017;71.3081;71,8703;77,7268
03/04/2017;70.7724;71,9441;73,8567
31/03/2017;67.9407;68,8797;73,8567
30/03/2017;66.6105;68,8589;73,5432
29/03/2017;65.7626;68,2705;73,1005
28/03/2017;64.0492;67,98;72,327
27/03/2017;64.387;67,4245;72,211
24/03/2017;65.2959;68,5839;73,3537
23/03/2017;65.3989;68,692;73,0983
22/03/2017;64.3353;68,2723;73,1357
21/03/2017;65.2295;68,3753;73,1865
20/03/2017;66.1265;69,0137;73,7636
17/03/2017;67.1852;69,6721;73,7239
16/03/2017;66.9175;69,4444;74,0431
15/03/2017;67.0891;69,9776;74,4968
14/03/2017;68.8549;70,5527;76,3064
13/03/2017;68.2906;71,1067;75,5186
10/03/2017;67.8133;70,672;75,1242
09/03/2017;68.0851;70,8274;77,0686
08/03/2017;68.5549;72,2554;77,6165
07/03/2017;69.0298;71,841;78,3247
06/03/2017;69.5784;72,6035;78,4175
03/03/2017;69.0678;72,2693;78,7194
02/03/2017;71.8923;73,9577;79,7164
01/03/2017;71.3541;74,8151;78,6963
28/02/2017;74.3073;73,617;78,6963
27/02/2017;74.6339;74,1615;78,6963
24/02/2017;75.7576;77,8883;79,214
23/02/2017;76.3305;77,8429;79,0245
22/02/2017;75.9829;77,8778;79,3937
21/02/2017;76.9625;78,168;79,8291
20/02/2017;75.172;77,1369;78,9424
17/02/2017;73.584;77,1369;78,5977
16/02/2017;72.1514;76,4618;78,1484
15/02/2017;71.7116;76,9013;77,7505
14/02/2017;70.814;76,014;79,0394
13/02/2017;71.0107;75,7762;79,4093
10/02/2017;72.852;76,2831;79,1502
09/02/2017;74.6199;77,6234;79,1252
08/02/2017;74.1797;77,8256;79,2746
07/02/2017;75.0936;78,6985;79,7285
06/02/2017;74.6581;78,3794;80,7052
03/02/2017;75.4104;78,3323;81,3468
02/02/2017;75.2928;79,1969;81,6137
01/02/2017;75.6943;79,2236;80,4807
31/01/2017;79.2033;79,0181;80,4807
30/01/2017;76.2252;77,0202;80,4807
27/01/2017;75.8837;82,912;80,2319
26/01/2017;77.4625;82,912;80,5243
25/01/2017;78.4159;82,6042;80,1378
24/01/2017;80.6151;83,1314;80,7549
23/01/2017;81.3121;83,0778;80,6152
20/01/2017;79.8299;83,4657;80,5683
19/01/2017;80.9153;83,2317;81,825
18/01/2017;82.9257;83,6783;82,5494
17/01/2017;81.9175;83,7845;79,4903
16/01/2017;79.2453;83,1219;80,7075
13/01/2017;80.3496;83,1219;80,4906
12/01/2017;80.1131;83,836;80,6315
11/01/2017;77.9301;83,6957;79,8204
10/01/2017;74.8602;82,2041;77,8925
09/01/2017;74.0919;79,6916;78,4147
06/01/2017;75.0902;80,8642;79,3922
05/01/2017;74.3186;80,779;78,7041
04/01/2017;74.3849;80,3452;80,2499
03/01/2017;75.2115;79,2003;80,3057
02/01/2017;76.6185;85,7034;79,2828
30/12/2016;82.612;85,7034;79,2828
29/12/2016;82.4595;86,3203;79,6473
28/12/2016;81.1761;87,2009;79,706
27/12/2016;80.2582;86,5136;79,252
26/12/2016;80.2736;86,5219;79,252
23/12/2016;80.352;86,5219;79,252
22/12/2016;78.9459;86,6315;79,7317
21/12/2016;79.3917;86,7313;79,1039
20/12/2016;79.7304;85,9894;78,9119
19/12/2016;78.3503;85,8008;79,9366
16/12/2016;78.7307;85,4791;80,358
15/12/2016;77.7468;85,8625;80,0038
14/12/2016;76.1747;84,1955;78,0256
13/12/2016;74.1176;82,3529;77,8824
12/12/2016;72.8888;81,0137;76,4059
09/12/2016;71.503;80,7842;76,9012
08/12/2016;67.9793;77,8615;74,5643
07/12/2016;64.4126;74,6907;74,1326
06/12/2016;67.183;74,0412;77,7736
05/12/2016;69.8104;77,2161;78,8887
02/12/2016;73.3458;79,0066;79,3346
01/12/2016;73.424;79,878;85,3199
30/11/2016;81.4832;81,1526;85,3199
29/11/2016;80.4452;79,506;85,3199
28/11/2016;79.2236;79,7136;85,3199
25/11/2016;77.6455;82,0106;85,7899
24/11/2016;77.7104;81,8018;83,9177
23/11/2016;76.8094;81,8018;85,4017
22/11/2016;75.4895;81,6077;84,855
21/11/2016;74.0566;81,6787;85,725
18/11/2016;74.6339;81,7194;87,2933
17/11/2016;75.7647;81,6;85,6
16/11/2016;79.0828;80,861;87,2251
15/11/2016;80.2239;82,3228;88,1996
14/11/2016;82.9141;82,588;89,8157
11/11/2016;80.6452;82,3041;90,0461
09/11/2016;82.959;82,0882;90,5216
08/11/2016;79.4158;79,0166;89,404
07/11/2016;80.6305;79,4981;88,7842
04/11/2016;77.4136;78,1769;84,6879
03/11/2016;77.0062;77,4115;83,6711
02/11/2016;76.2574;76,5729;85,1812